{
  "Total" : {
    "transaction" : "Total",
    "sampleCount" : 1,
    "errorCount" : 0,
    "errorPct" : 0.0,
    "meanResTime" : 498.0,
    "medianResTime" : 498.0,
    "minResTime" : 498.0,
    "maxResTime" : 498.0,
    "pct1ResTime" : 498.0,
    "pct2ResTime" : 498.0,
    "pct3ResTime" : 498.0,
    "throughput" : 2.008032128514056,
    "receivedKBytesPerSec" : 134.67934236947792,
    "sentKBytesPerSec" : 0.2706137048192771
  },
  "Obtener 1k pokemones" : {
    "transaction" : "Obtener 1k pokemones",
    "sampleCount" : 1,
    "errorCount" : 0,
    "errorPct" : 0.0,
    "meanResTime" : 498.0,
    "medianResTime" : 498.0,
    "minResTime" : 498.0,
    "maxResTime" : 498.0,
    "pct1ResTime" : 498.0,
    "pct2ResTime" : 498.0,
    "pct3ResTime" : 498.0,
    "throughput" : 2.008032128514056,
    "receivedKBytesPerSec" : 134.67934236947792,
    "sentKBytesPerSec" : 0.2706137048192771
  }
}