{
  "Total" : {
    "transaction" : "Total",
    "sampleCount" : 1,
    "errorCount" : 0,
    "errorPct" : 0.0,
    "meanResTime" : 644.0,
    "medianResTime" : 644.0,
    "minResTime" : 644.0,
    "maxResTime" : 644.0,
    "pct1ResTime" : 644.0,
    "pct2ResTime" : 644.0,
    "pct3ResTime" : 644.0,
    "throughput" : 1.5527950310559004,
    "receivedKBytesPerSec" : 104.26169448757764,
    "sentKBytesPerSec" : 0.20926339285714285
  },
  "Obtener 1k pokemones" : {
    "transaction" : "Obtener 1k pokemones",
    "sampleCount" : 1,
    "errorCount" : 0,
    "errorPct" : 0.0,
    "meanResTime" : 644.0,
    "medianResTime" : 644.0,
    "minResTime" : 644.0,
    "maxResTime" : 644.0,
    "pct1ResTime" : 644.0,
    "pct2ResTime" : 644.0,
    "pct3ResTime" : 644.0,
    "throughput" : 1.5527950310559004,
    "receivedKBytesPerSec" : 104.26169448757764,
    "sentKBytesPerSec" : 0.20926339285714285
  }
}