{
  "Total" : {
    "transaction" : "Total",
    "sampleCount" : 1,
    "errorCount" : 0,
    "errorPct" : 0.0,
    "meanResTime" : 578.0,
    "medianResTime" : 578.0,
    "minResTime" : 578.0,
    "maxResTime" : 578.0,
    "pct1ResTime" : 578.0,
    "pct2ResTime" : 578.0,
    "pct3ResTime" : 578.0,
    "throughput" : 1.7301038062283738,
    "receivedKBytesPerSec" : 116.15856131055364,
    "sentKBytesPerSec" : 0.23315852076124569
  },
  "Obtener 1k pokemones" : {
    "transaction" : "Obtener 1k pokemones",
    "sampleCount" : 1,
    "errorCount" : 0,
    "errorPct" : 0.0,
    "meanResTime" : 578.0,
    "medianResTime" : 578.0,
    "minResTime" : 578.0,
    "maxResTime" : 578.0,
    "pct1ResTime" : 578.0,
    "pct2ResTime" : 578.0,
    "pct3ResTime" : 578.0,
    "throughput" : 1.7301038062283738,
    "receivedKBytesPerSec" : 116.15856131055364,
    "sentKBytesPerSec" : 0.23315852076124569
  }
}