{
  "Total" : {
    "transaction" : "Total",
    "sampleCount" : 1,
    "errorCount" : 0,
    "errorPct" : 0.0,
    "meanResTime" : 1850.0,
    "medianResTime" : 1850.0,
    "minResTime" : 1850.0,
    "maxResTime" : 1850.0,
    "pct1ResTime" : 1850.0,
    "pct2ResTime" : 1850.0,
    "pct3ResTime" : 1850.0,
    "throughput" : 0.5405405405405406,
    "receivedKBytesPerSec" : 36.29328547297297,
    "sentKBytesPerSec" : 0.07284628378378379
  },
  "Obtener 1k pokemones" : {
    "transaction" : "Obtener 1k pokemones",
    "sampleCount" : 1,
    "errorCount" : 0,
    "errorPct" : 0.0,
    "meanResTime" : 1850.0,
    "medianResTime" : 1850.0,
    "minResTime" : 1850.0,
    "maxResTime" : 1850.0,
    "pct1ResTime" : 1850.0,
    "pct2ResTime" : 1850.0,
    "pct3ResTime" : 1850.0,
    "throughput" : 0.5405405405405406,
    "receivedKBytesPerSec" : 36.29328547297297,
    "sentKBytesPerSec" : 0.07284628378378379
  }
}