{
  "Total" : {
    "transaction" : "Total",
    "sampleCount" : 1,
    "errorCount" : 0,
    "errorPct" : 0.0,
    "meanResTime" : 605.0,
    "medianResTime" : 605.0,
    "minResTime" : 605.0,
    "maxResTime" : 605.0,
    "pct1ResTime" : 605.0,
    "pct2ResTime" : 605.0,
    "pct3ResTime" : 605.0,
    "throughput" : 1.6528925619834711,
    "receivedKBytesPerSec" : 110.88746126033058,
    "sentKBytesPerSec" : 0.22275309917355374
  },
  "Obtener 1k pokemones" : {
    "transaction" : "Obtener 1k pokemones",
    "sampleCount" : 1,
    "errorCount" : 0,
    "errorPct" : 0.0,
    "meanResTime" : 605.0,
    "medianResTime" : 605.0,
    "minResTime" : 605.0,
    "maxResTime" : 605.0,
    "pct1ResTime" : 605.0,
    "pct2ResTime" : 605.0,
    "pct3ResTime" : 605.0,
    "throughput" : 1.6528925619834711,
    "receivedKBytesPerSec" : 110.88746126033058,
    "sentKBytesPerSec" : 0.22275309917355374
  }
}