{
  "Total" : {
    "transaction" : "Total",
    "sampleCount" : 1,
    "errorCount" : 0,
    "errorPct" : 0.0,
    "meanResTime" : 654.0,
    "medianResTime" : 654.0,
    "minResTime" : 654.0,
    "maxResTime" : 654.0,
    "pct1ResTime" : 654.0,
    "pct2ResTime" : 654.0,
    "pct3ResTime" : 654.0,
    "throughput" : 1.529051987767584,
    "receivedKBytesPerSec" : 102.66449254587155,
    "sentKBytesPerSec" : 0.2060636467889908
  },
  "Obtener 1k pokemones" : {
    "transaction" : "Obtener 1k pokemones",
    "sampleCount" : 1,
    "errorCount" : 0,
    "errorPct" : 0.0,
    "meanResTime" : 654.0,
    "medianResTime" : 654.0,
    "minResTime" : 654.0,
    "maxResTime" : 654.0,
    "pct1ResTime" : 654.0,
    "pct2ResTime" : 654.0,
    "pct3ResTime" : 654.0,
    "throughput" : 1.529051987767584,
    "receivedKBytesPerSec" : 102.66449254587155,
    "sentKBytesPerSec" : 0.2060636467889908
  }
}