{
  "Total" : {
    "transaction" : "Total",
    "sampleCount" : 1,
    "errorCount" : 0,
    "errorPct" : 0.0,
    "meanResTime" : 582.0,
    "medianResTime" : 582.0,
    "minResTime" : 582.0,
    "maxResTime" : 582.0,
    "pct1ResTime" : 582.0,
    "pct2ResTime" : 582.0,
    "pct3ResTime" : 582.0,
    "throughput" : 1.7182130584192439,
    "receivedKBytesPerSec" : 115.36189862542956,
    "sentKBytesPerSec" : 0.23155605670103094
  },
  "Obtener 1k pokemones" : {
    "transaction" : "Obtener 1k pokemones",
    "sampleCount" : 1,
    "errorCount" : 0,
    "errorPct" : 0.0,
    "meanResTime" : 582.0,
    "medianResTime" : 582.0,
    "minResTime" : 582.0,
    "maxResTime" : 582.0,
    "pct1ResTime" : 582.0,
    "pct2ResTime" : 582.0,
    "pct3ResTime" : 582.0,
    "throughput" : 1.7182130584192439,
    "receivedKBytesPerSec" : 115.36189862542956,
    "sentKBytesPerSec" : 0.23155605670103094
  }
}