{
  "Total" : {
    "transaction" : "Total",
    "sampleCount" : 1,
    "errorCount" : 0,
    "errorPct" : 0.0,
    "meanResTime" : 2526.0,
    "medianResTime" : 2526.0,
    "minResTime" : 2526.0,
    "maxResTime" : 2526.0,
    "pct1ResTime" : 2526.0,
    "pct2ResTime" : 2526.0,
    "pct3ResTime" : 2526.0,
    "throughput" : 0.39588281868566905,
    "receivedKBytesPerSec" : 26.58291270783848,
    "sentKBytesPerSec" : 0.05335139548693587
  },
  "Obtener 1k pokemones" : {
    "transaction" : "Obtener 1k pokemones",
    "sampleCount" : 1,
    "errorCount" : 0,
    "errorPct" : 0.0,
    "meanResTime" : 2526.0,
    "medianResTime" : 2526.0,
    "minResTime" : 2526.0,
    "maxResTime" : 2526.0,
    "pct1ResTime" : 2526.0,
    "pct2ResTime" : 2526.0,
    "pct3ResTime" : 2526.0,
    "throughput" : 0.39588281868566905,
    "receivedKBytesPerSec" : 26.58291270783848,
    "sentKBytesPerSec" : 0.05335139548693587
  }
}