{
  "Total" : {
    "transaction" : "Total",
    "sampleCount" : 1,
    "errorCount" : 0,
    "errorPct" : 0.0,
    "meanResTime" : 552.0,
    "medianResTime" : 552.0,
    "minResTime" : 552.0,
    "maxResTime" : 552.0,
    "pct1ResTime" : 552.0,
    "pct2ResTime" : 552.0,
    "pct3ResTime" : 552.0,
    "throughput" : 1.8115942028985508,
    "receivedKBytesPerSec" : 121.6315670289855,
    "sentKBytesPerSec" : 0.24414062499999997
  },
  "Obtener 1k pokemones" : {
    "transaction" : "Obtener 1k pokemones",
    "sampleCount" : 1,
    "errorCount" : 0,
    "errorPct" : 0.0,
    "meanResTime" : 552.0,
    "medianResTime" : 552.0,
    "minResTime" : 552.0,
    "maxResTime" : 552.0,
    "pct1ResTime" : 552.0,
    "pct2ResTime" : 552.0,
    "pct3ResTime" : 552.0,
    "throughput" : 1.8115942028985508,
    "receivedKBytesPerSec" : 121.6315670289855,
    "sentKBytesPerSec" : 0.24414062499999997
  }
}