{
  "Total" : {
    "transaction" : "Total",
    "sampleCount" : 1,
    "errorCount" : 0,
    "errorPct" : 0.0,
    "meanResTime" : 602.0,
    "medianResTime" : 602.0,
    "minResTime" : 602.0,
    "maxResTime" : 602.0,
    "pct1ResTime" : 602.0,
    "pct2ResTime" : 602.0,
    "pct3ResTime" : 602.0,
    "throughput" : 1.6611295681063123,
    "receivedKBytesPerSec" : 111.5357661960133,
    "sentKBytesPerSec" : 0.22386316445182725
  },
  "Obtener 1k pokemones" : {
    "transaction" : "Obtener 1k pokemones",
    "sampleCount" : 1,
    "errorCount" : 0,
    "errorPct" : 0.0,
    "meanResTime" : 602.0,
    "medianResTime" : 602.0,
    "minResTime" : 602.0,
    "maxResTime" : 602.0,
    "pct1ResTime" : 602.0,
    "pct2ResTime" : 602.0,
    "pct3ResTime" : 602.0,
    "throughput" : 1.6611295681063123,
    "receivedKBytesPerSec" : 111.5357661960133,
    "sentKBytesPerSec" : 0.22386316445182725
  }
}