{
  "Total" : {
    "transaction" : "Total",
    "sampleCount" : 1,
    "errorCount" : 0,
    "errorPct" : 0.0,
    "meanResTime" : 2213.0,
    "medianResTime" : 2213.0,
    "minResTime" : 2213.0,
    "maxResTime" : 2213.0,
    "pct1ResTime" : 2213.0,
    "pct2ResTime" : 2213.0,
    "pct3ResTime" : 2213.0,
    "throughput" : 0.45187528242205155,
    "receivedKBytesPerSec" : 30.33963016832354,
    "sentKBytesPerSec" : 0.06089725485765928
  },
  "Obtener 1k pokemones" : {
    "transaction" : "Obtener 1k pokemones",
    "sampleCount" : 1,
    "errorCount" : 0,
    "errorPct" : 0.0,
    "meanResTime" : 2213.0,
    "medianResTime" : 2213.0,
    "minResTime" : 2213.0,
    "maxResTime" : 2213.0,
    "pct1ResTime" : 2213.0,
    "pct2ResTime" : 2213.0,
    "pct3ResTime" : 2213.0,
    "throughput" : 0.45187528242205155,
    "receivedKBytesPerSec" : 30.33963016832354,
    "sentKBytesPerSec" : 0.06089725485765928
  }
}