{
  "Total" : {
    "transaction" : "Total",
    "sampleCount" : 1,
    "errorCount" : 0,
    "errorPct" : 0.0,
    "meanResTime" : 1395.0,
    "medianResTime" : 1395.0,
    "minResTime" : 1395.0,
    "maxResTime" : 1395.0,
    "pct1ResTime" : 1395.0,
    "pct2ResTime" : 1395.0,
    "pct3ResTime" : 1395.0,
    "throughput" : 0.7168458781362007,
    "receivedKBytesPerSec" : 48.13228046594982,
    "sentKBytesPerSec" : 0.09660618279569892
  },
  "Obtener 1k pokemones" : {
    "transaction" : "Obtener 1k pokemones",
    "sampleCount" : 1,
    "errorCount" : 0,
    "errorPct" : 0.0,
    "meanResTime" : 1395.0,
    "medianResTime" : 1395.0,
    "minResTime" : 1395.0,
    "maxResTime" : 1395.0,
    "pct1ResTime" : 1395.0,
    "pct2ResTime" : 1395.0,
    "pct3ResTime" : 1395.0,
    "throughput" : 0.7168458781362007,
    "receivedKBytesPerSec" : 48.13228046594982,
    "sentKBytesPerSec" : 0.09660618279569892
  }
}