{
  "Total" : {
    "transaction" : "Total",
    "sampleCount" : 1,
    "errorCount" : 0,
    "errorPct" : 0.0,
    "meanResTime" : 663.0,
    "medianResTime" : 663.0,
    "minResTime" : 663.0,
    "maxResTime" : 663.0,
    "pct1ResTime" : 663.0,
    "pct2ResTime" : 663.0,
    "pct3ResTime" : 663.0,
    "throughput" : 1.5082956259426847,
    "receivedKBytesPerSec" : 101.26791101055807,
    "sentKBytesPerSec" : 0.20326640271493213
  },
  "Obtener 1k pokemones" : {
    "transaction" : "Obtener 1k pokemones",
    "sampleCount" : 1,
    "errorCount" : 0,
    "errorPct" : 0.0,
    "meanResTime" : 663.0,
    "medianResTime" : 663.0,
    "minResTime" : 663.0,
    "maxResTime" : 663.0,
    "pct1ResTime" : 663.0,
    "pct2ResTime" : 663.0,
    "pct3ResTime" : 663.0,
    "throughput" : 1.5082956259426847,
    "receivedKBytesPerSec" : 101.26791101055807,
    "sentKBytesPerSec" : 0.20326640271493213
  }
}