{
  "Total" : {
    "transaction" : "Total",
    "sampleCount" : 1,
    "errorCount" : 0,
    "errorPct" : 0.0,
    "meanResTime" : 683.0,
    "medianResTime" : 683.0,
    "minResTime" : 683.0,
    "maxResTime" : 683.0,
    "pct1ResTime" : 683.0,
    "pct2ResTime" : 683.0,
    "pct3ResTime" : 683.0,
    "throughput" : 1.4641288433382138,
    "receivedKBytesPerSec" : 98.30681506222547,
    "sentKBytesPerSec" : 0.19731423865300146
  },
  "Obtener 1k pokemones" : {
    "transaction" : "Obtener 1k pokemones",
    "sampleCount" : 1,
    "errorCount" : 0,
    "errorPct" : 0.0,
    "meanResTime" : 683.0,
    "medianResTime" : 683.0,
    "minResTime" : 683.0,
    "maxResTime" : 683.0,
    "pct1ResTime" : 683.0,
    "pct2ResTime" : 683.0,
    "pct3ResTime" : 683.0,
    "throughput" : 1.4641288433382138,
    "receivedKBytesPerSec" : 98.30681506222547,
    "sentKBytesPerSec" : 0.19731423865300146
  }
}