{
  "Total" : {
    "transaction" : "Total",
    "sampleCount" : 1,
    "errorCount" : 0,
    "errorPct" : 0.0,
    "meanResTime" : 633.0,
    "medianResTime" : 633.0,
    "minResTime" : 633.0,
    "maxResTime" : 633.0,
    "pct1ResTime" : 633.0,
    "pct2ResTime" : 633.0,
    "pct3ResTime" : 633.0,
    "throughput" : 1.5797788309636651,
    "receivedKBytesPerSec" : 106.07968009478672,
    "sentKBytesPerSec" : 0.21289988151658767
  },
  "Obtener 1k pokemones" : {
    "transaction" : "Obtener 1k pokemones",
    "sampleCount" : 1,
    "errorCount" : 0,
    "errorPct" : 0.0,
    "meanResTime" : 633.0,
    "medianResTime" : 633.0,
    "minResTime" : 633.0,
    "maxResTime" : 633.0,
    "pct1ResTime" : 633.0,
    "pct2ResTime" : 633.0,
    "pct3ResTime" : 633.0,
    "throughput" : 1.5797788309636651,
    "receivedKBytesPerSec" : 106.07968009478672,
    "sentKBytesPerSec" : 0.21289988151658767
  }
}