{
  "Total" : {
    "transaction" : "Total",
    "sampleCount" : 1,
    "errorCount" : 0,
    "errorPct" : 0.0,
    "meanResTime" : 617.0,
    "medianResTime" : 617.0,
    "minResTime" : 617.0,
    "maxResTime" : 617.0,
    "pct1ResTime" : 617.0,
    "pct2ResTime" : 617.0,
    "pct3ResTime" : 617.0,
    "throughput" : 1.6207455429497568,
    "receivedKBytesPerSec" : 108.81470320097245,
    "sentKBytesPerSec" : 0.21842078606158832
  },
  "Obtener 1k pokemones" : {
    "transaction" : "Obtener 1k pokemones",
    "sampleCount" : 1,
    "errorCount" : 0,
    "errorPct" : 0.0,
    "meanResTime" : 617.0,
    "medianResTime" : 617.0,
    "minResTime" : 617.0,
    "maxResTime" : 617.0,
    "pct1ResTime" : 617.0,
    "pct2ResTime" : 617.0,
    "pct3ResTime" : 617.0,
    "throughput" : 1.6207455429497568,
    "receivedKBytesPerSec" : 108.81470320097245,
    "sentKBytesPerSec" : 0.21842078606158832
  }
}