{
  "Total" : {
    "transaction" : "Total",
    "sampleCount" : 1,
    "errorCount" : 0,
    "errorPct" : 0.0,
    "meanResTime" : 598.0,
    "medianResTime" : 598.0,
    "minResTime" : 598.0,
    "maxResTime" : 598.0,
    "pct1ResTime" : 598.0,
    "pct2ResTime" : 598.0,
    "pct3ResTime" : 598.0,
    "throughput" : 1.6722408026755853,
    "receivedKBytesPerSec" : 112.30142140468227,
    "sentKBytesPerSec" : 0.22536057692307693
  },
  "Obtener 1k pokemones" : {
    "transaction" : "Obtener 1k pokemones",
    "sampleCount" : 1,
    "errorCount" : 0,
    "errorPct" : 0.0,
    "meanResTime" : 598.0,
    "medianResTime" : 598.0,
    "minResTime" : 598.0,
    "maxResTime" : 598.0,
    "pct1ResTime" : 598.0,
    "pct2ResTime" : 598.0,
    "pct3ResTime" : 598.0,
    "throughput" : 1.6722408026755853,
    "receivedKBytesPerSec" : 112.30142140468227,
    "sentKBytesPerSec" : 0.22536057692307693
  }
}