{
  "Total" : {
    "transaction" : "Total",
    "sampleCount" : 1,
    "errorCount" : 0,
    "errorPct" : 0.0,
    "meanResTime" : 553.0,
    "medianResTime" : 553.0,
    "minResTime" : 553.0,
    "maxResTime" : 553.0,
    "pct1ResTime" : 553.0,
    "pct2ResTime" : 553.0,
    "pct3ResTime" : 553.0,
    "throughput" : 1.8083182640144664,
    "receivedKBytesPerSec" : 121.41691625226039,
    "sentKBytesPerSec" : 0.24369914104882456
  },
  "Obtener 1k pokemones" : {
    "transaction" : "Obtener 1k pokemones",
    "sampleCount" : 1,
    "errorCount" : 0,
    "errorPct" : 0.0,
    "meanResTime" : 553.0,
    "medianResTime" : 553.0,
    "minResTime" : 553.0,
    "maxResTime" : 553.0,
    "pct1ResTime" : 553.0,
    "pct2ResTime" : 553.0,
    "pct3ResTime" : 553.0,
    "throughput" : 1.8083182640144664,
    "receivedKBytesPerSec" : 121.41691625226039,
    "sentKBytesPerSec" : 0.24369914104882456
  }
}