{
  "Total" : {
    "transaction" : "Total",
    "sampleCount" : 1,
    "errorCount" : 0,
    "errorPct" : 0.0,
    "meanResTime" : 563.0,
    "medianResTime" : 563.0,
    "minResTime" : 563.0,
    "maxResTime" : 563.0,
    "pct1ResTime" : 563.0,
    "pct2ResTime" : 563.0,
    "pct3ResTime" : 563.0,
    "throughput" : 1.7761989342806395,
    "receivedKBytesPerSec" : 119.2620448490231,
    "sentKBytesPerSec" : 0.2393705595026643
  },
  "Obtener 1k pokemones" : {
    "transaction" : "Obtener 1k pokemones",
    "sampleCount" : 1,
    "errorCount" : 0,
    "errorPct" : 0.0,
    "meanResTime" : 563.0,
    "medianResTime" : 563.0,
    "minResTime" : 563.0,
    "maxResTime" : 563.0,
    "pct1ResTime" : 563.0,
    "pct2ResTime" : 563.0,
    "pct3ResTime" : 563.0,
    "throughput" : 1.7761989342806395,
    "receivedKBytesPerSec" : 119.2620448490231,
    "sentKBytesPerSec" : 0.2393705595026643
  }
}