{
  "Total" : {
    "transaction" : "Total",
    "sampleCount" : 1,
    "errorCount" : 0,
    "errorPct" : 0.0,
    "meanResTime" : 1186.0,
    "medianResTime" : 1186.0,
    "minResTime" : 1186.0,
    "maxResTime" : 1186.0,
    "pct1ResTime" : 1186.0,
    "pct2ResTime" : 1186.0,
    "pct3ResTime" : 1186.0,
    "throughput" : 0.8431703204047217,
    "receivedKBytesPerSec" : 56.614275927487355,
    "sentKBytesPerSec" : 0.11363037521079258
  },
  "Obtener 1k pokemones" : {
    "transaction" : "Obtener 1k pokemones",
    "sampleCount" : 1,
    "errorCount" : 0,
    "errorPct" : 0.0,
    "meanResTime" : 1186.0,
    "medianResTime" : 1186.0,
    "minResTime" : 1186.0,
    "maxResTime" : 1186.0,
    "pct1ResTime" : 1186.0,
    "pct2ResTime" : 1186.0,
    "pct3ResTime" : 1186.0,
    "throughput" : 0.8431703204047217,
    "receivedKBytesPerSec" : 56.614275927487355,
    "sentKBytesPerSec" : 0.11363037521079258
  }
}