{
  "Total" : {
    "transaction" : "Total",
    "sampleCount" : 1,
    "errorCount" : 0,
    "errorPct" : 0.0,
    "meanResTime" : 3588.0,
    "medianResTime" : 3588.0,
    "minResTime" : 3588.0,
    "maxResTime" : 3588.0,
    "pct1ResTime" : 3588.0,
    "pct2ResTime" : 3588.0,
    "pct3ResTime" : 3588.0,
    "throughput" : 0.2787068004459309,
    "receivedKBytesPerSec" : 18.711187900641026,
    "sentKBytesPerSec" : 0.03756009615384615
  },
  "Obtener 1k pokemones" : {
    "transaction" : "Obtener 1k pokemones",
    "sampleCount" : 1,
    "errorCount" : 0,
    "errorPct" : 0.0,
    "meanResTime" : 3588.0,
    "medianResTime" : 3588.0,
    "minResTime" : 3588.0,
    "maxResTime" : 3588.0,
    "pct1ResTime" : 3588.0,
    "pct2ResTime" : 3588.0,
    "pct3ResTime" : 3588.0,
    "throughput" : 0.2787068004459309,
    "receivedKBytesPerSec" : 18.711187900641026,
    "sentKBytesPerSec" : 0.03756009615384615
  }
}