{
  "Total" : {
    "transaction" : "Total",
    "sampleCount" : 1,
    "errorCount" : 0,
    "errorPct" : 0.0,
    "meanResTime" : 1346.0,
    "medianResTime" : 1346.0,
    "minResTime" : 1346.0,
    "maxResTime" : 1346.0,
    "pct1ResTime" : 1346.0,
    "pct2ResTime" : 1346.0,
    "pct3ResTime" : 1346.0,
    "throughput" : 0.7429420505200593,
    "receivedKBytesPerSec" : 49.88231914004457,
    "sentKBytesPerSec" : 0.10012304977711738
  },
  "Obtener 1k pokemones" : {
    "transaction" : "Obtener 1k pokemones",
    "sampleCount" : 1,
    "errorCount" : 0,
    "errorPct" : 0.0,
    "meanResTime" : 1346.0,
    "medianResTime" : 1346.0,
    "minResTime" : 1346.0,
    "maxResTime" : 1346.0,
    "pct1ResTime" : 1346.0,
    "pct2ResTime" : 1346.0,
    "pct3ResTime" : 1346.0,
    "throughput" : 0.7429420505200593,
    "receivedKBytesPerSec" : 49.88231914004457,
    "sentKBytesPerSec" : 0.10012304977711738
  }
}