{
  "Total" : {
    "transaction" : "Total",
    "sampleCount" : 1,
    "errorCount" : 0,
    "errorPct" : 0.0,
    "meanResTime" : 1212.0,
    "medianResTime" : 1212.0,
    "minResTime" : 1212.0,
    "maxResTime" : 1212.0,
    "pct1ResTime" : 1212.0,
    "pct2ResTime" : 1212.0,
    "pct3ResTime" : 1212.0,
    "throughput" : 0.8250825082508251,
    "receivedKBytesPerSec" : 55.406224216171616,
    "sentKBytesPerSec" : 0.1111927599009901
  },
  "Obtener 1k pokemones" : {
    "transaction" : "Obtener 1k pokemones",
    "sampleCount" : 1,
    "errorCount" : 0,
    "errorPct" : 0.0,
    "meanResTime" : 1212.0,
    "medianResTime" : 1212.0,
    "minResTime" : 1212.0,
    "maxResTime" : 1212.0,
    "pct1ResTime" : 1212.0,
    "pct2ResTime" : 1212.0,
    "pct3ResTime" : 1212.0,
    "throughput" : 0.8250825082508251,
    "receivedKBytesPerSec" : 55.406224216171616,
    "sentKBytesPerSec" : 0.1111927599009901
  }
}