{
  "Total" : {
    "transaction" : "Total",
    "sampleCount" : 1,
    "errorCount" : 0,
    "errorPct" : 0.0,
    "meanResTime" : 3411.0,
    "medianResTime" : 3411.0,
    "minResTime" : 3411.0,
    "maxResTime" : 3411.0,
    "pct1ResTime" : 3411.0,
    "pct2ResTime" : 3411.0,
    "pct3ResTime" : 3411.0,
    "throughput" : 0.2931691586045148,
    "receivedKBytesPerSec" : 19.682987943418354,
    "sentKBytesPerSec" : 0.039509124890061566
  },
  "Obtener 1k pokemones" : {
    "transaction" : "Obtener 1k pokemones",
    "sampleCount" : 1,
    "errorCount" : 0,
    "errorPct" : 0.0,
    "meanResTime" : 3411.0,
    "medianResTime" : 3411.0,
    "minResTime" : 3411.0,
    "maxResTime" : 3411.0,
    "pct1ResTime" : 3411.0,
    "pct2ResTime" : 3411.0,
    "pct3ResTime" : 3411.0,
    "throughput" : 0.2931691586045148,
    "receivedKBytesPerSec" : 19.682987943418354,
    "sentKBytesPerSec" : 0.039509124890061566
  }
}