{
  "Total" : {
    "transaction" : "Total",
    "sampleCount" : 1,
    "errorCount" : 0,
    "errorPct" : 0.0,
    "meanResTime" : 779.0,
    "medianResTime" : 779.0,
    "minResTime" : 779.0,
    "maxResTime" : 779.0,
    "pct1ResTime" : 779.0,
    "pct2ResTime" : 779.0,
    "pct3ResTime" : 779.0,
    "throughput" : 1.2836970474967906,
    "receivedKBytesPerSec" : 86.18947568998716,
    "sentKBytesPerSec" : 0.1729982349165597
  },
  "Obtener 1k pokemones" : {
    "transaction" : "Obtener 1k pokemones",
    "sampleCount" : 1,
    "errorCount" : 0,
    "errorPct" : 0.0,
    "meanResTime" : 779.0,
    "medianResTime" : 779.0,
    "minResTime" : 779.0,
    "maxResTime" : 779.0,
    "pct1ResTime" : 779.0,
    "pct2ResTime" : 779.0,
    "pct3ResTime" : 779.0,
    "throughput" : 1.2836970474967906,
    "receivedKBytesPerSec" : 86.18947568998716,
    "sentKBytesPerSec" : 0.1729982349165597
  }
}