{
  "Total" : {
    "transaction" : "Total",
    "sampleCount" : 1,
    "errorCount" : 0,
    "errorPct" : 0.0,
    "meanResTime" : 894.0,
    "medianResTime" : 894.0,
    "minResTime" : 894.0,
    "maxResTime" : 894.0,
    "pct1ResTime" : 894.0,
    "pct2ResTime" : 894.0,
    "pct3ResTime" : 894.0,
    "throughput" : 1.1185682326621924,
    "receivedKBytesPerSec" : 75.10573965324384,
    "sentKBytesPerSec" : 0.15074454697986578
  },
  "Obtener 1k pokemones" : {
    "transaction" : "Obtener 1k pokemones",
    "sampleCount" : 1,
    "errorCount" : 0,
    "errorPct" : 0.0,
    "meanResTime" : 894.0,
    "medianResTime" : 894.0,
    "minResTime" : 894.0,
    "maxResTime" : 894.0,
    "pct1ResTime" : 894.0,
    "pct2ResTime" : 894.0,
    "pct3ResTime" : 894.0,
    "throughput" : 1.1185682326621924,
    "receivedKBytesPerSec" : 75.10573965324384,
    "sentKBytesPerSec" : 0.15074454697986578
  }
}