{
  "Total" : {
    "transaction" : "Total",
    "sampleCount" : 1,
    "errorCount" : 0,
    "errorPct" : 0.0,
    "meanResTime" : 2654.0,
    "medianResTime" : 2654.0,
    "minResTime" : 2654.0,
    "maxResTime" : 2654.0,
    "pct1ResTime" : 2654.0,
    "pct2ResTime" : 2654.0,
    "pct3ResTime" : 2654.0,
    "throughput" : 0.37678975131876413,
    "receivedKBytesPerSec" : 25.299371232102487,
    "sentKBytesPerSec" : 0.05077830633006782
  },
  "Obtener 1k pokemones" : {
    "transaction" : "Obtener 1k pokemones",
    "sampleCount" : 1,
    "errorCount" : 0,
    "errorPct" : 0.0,
    "meanResTime" : 2654.0,
    "medianResTime" : 2654.0,
    "minResTime" : 2654.0,
    "maxResTime" : 2654.0,
    "pct1ResTime" : 2654.0,
    "pct2ResTime" : 2654.0,
    "pct3ResTime" : 2654.0,
    "throughput" : 0.37678975131876413,
    "receivedKBytesPerSec" : 25.299371232102487,
    "sentKBytesPerSec" : 0.05077830633006782
  }
}