{
  "Total" : {
    "transaction" : "Total",
    "sampleCount" : 1,
    "errorCount" : 0,
    "errorPct" : 0.0,
    "meanResTime" : 541.0,
    "medianResTime" : 541.0,
    "minResTime" : 541.0,
    "maxResTime" : 541.0,
    "pct1ResTime" : 541.0,
    "pct2ResTime" : 541.0,
    "pct3ResTime" : 541.0,
    "throughput" : 1.8484288354898337,
    "receivedKBytesPerSec" : 123.9927506931608,
    "sentKBytesPerSec" : 0.24910466728280958
  },
  "Obtener 1k pokemones" : {
    "transaction" : "Obtener 1k pokemones",
    "sampleCount" : 1,
    "errorCount" : 0,
    "errorPct" : 0.0,
    "meanResTime" : 541.0,
    "medianResTime" : 541.0,
    "minResTime" : 541.0,
    "maxResTime" : 541.0,
    "pct1ResTime" : 541.0,
    "pct2ResTime" : 541.0,
    "pct3ResTime" : 541.0,
    "throughput" : 1.8484288354898337,
    "receivedKBytesPerSec" : 123.9927506931608,
    "sentKBytesPerSec" : 0.24910466728280958
  }
}