{
  "Total" : {
    "transaction" : "Total",
    "sampleCount" : 1,
    "errorCount" : 0,
    "errorPct" : 0.0,
    "meanResTime" : 2942.0,
    "medianResTime" : 2942.0,
    "minResTime" : 2942.0,
    "maxResTime" : 2942.0,
    "pct1ResTime" : 2942.0,
    "pct2ResTime" : 2942.0,
    "pct3ResTime" : 2942.0,
    "throughput" : 0.3399048266485384,
    "receivedKBytesPerSec" : 22.82109056339225,
    "sentKBytesPerSec" : 0.045807486403806934
  },
  "Obtener 1k pokemones" : {
    "transaction" : "Obtener 1k pokemones",
    "sampleCount" : 1,
    "errorCount" : 0,
    "errorPct" : 0.0,
    "meanResTime" : 2942.0,
    "medianResTime" : 2942.0,
    "minResTime" : 2942.0,
    "maxResTime" : 2942.0,
    "pct1ResTime" : 2942.0,
    "pct2ResTime" : 2942.0,
    "pct3ResTime" : 2942.0,
    "throughput" : 0.3399048266485384,
    "receivedKBytesPerSec" : 22.82109056339225,
    "sentKBytesPerSec" : 0.045807486403806934
  }
}