{
  "Total" : {
    "transaction" : "Total",
    "sampleCount" : 1,
    "errorCount" : 0,
    "errorPct" : 0.0,
    "meanResTime" : 650.0,
    "medianResTime" : 650.0,
    "minResTime" : 650.0,
    "maxResTime" : 650.0,
    "pct1ResTime" : 650.0,
    "pct2ResTime" : 650.0,
    "pct3ResTime" : 650.0,
    "throughput" : 1.5384615384615385,
    "receivedKBytesPerSec" : 103.30228365384615,
    "sentKBytesPerSec" : 0.20733173076923075
  },
  "Obtener 1k pokemones" : {
    "transaction" : "Obtener 1k pokemones",
    "sampleCount" : 1,
    "errorCount" : 0,
    "errorPct" : 0.0,
    "meanResTime" : 650.0,
    "medianResTime" : 650.0,
    "minResTime" : 650.0,
    "maxResTime" : 650.0,
    "pct1ResTime" : 650.0,
    "pct2ResTime" : 650.0,
    "pct3ResTime" : 650.0,
    "throughput" : 1.5384615384615385,
    "receivedKBytesPerSec" : 103.30228365384615,
    "sentKBytesPerSec" : 0.20733173076923075
  }
}