{
  "Total" : {
    "transaction" : "Total",
    "sampleCount" : 1,
    "errorCount" : 0,
    "errorPct" : 0.0,
    "meanResTime" : 1360.0,
    "medianResTime" : 1360.0,
    "minResTime" : 1360.0,
    "maxResTime" : 1360.0,
    "pct1ResTime" : 1360.0,
    "pct2ResTime" : 1360.0,
    "pct3ResTime" : 1360.0,
    "throughput" : 0.7352941176470588,
    "receivedKBytesPerSec" : 49.376005284926464,
    "sentKBytesPerSec" : 0.09909237132352941
  },
  "Obtener 1k pokemones" : {
    "transaction" : "Obtener 1k pokemones",
    "sampleCount" : 1,
    "errorCount" : 0,
    "errorPct" : 0.0,
    "meanResTime" : 1360.0,
    "medianResTime" : 1360.0,
    "minResTime" : 1360.0,
    "maxResTime" : 1360.0,
    "pct1ResTime" : 1360.0,
    "pct2ResTime" : 1360.0,
    "pct3ResTime" : 1360.0,
    "throughput" : 0.7352941176470588,
    "receivedKBytesPerSec" : 49.376005284926464,
    "sentKBytesPerSec" : 0.09909237132352941
  }
}