{
  "Total" : {
    "transaction" : "Total",
    "sampleCount" : 1,
    "errorCount" : 0,
    "errorPct" : 0.0,
    "meanResTime" : 606.0,
    "medianResTime" : 606.0,
    "minResTime" : 606.0,
    "maxResTime" : 606.0,
    "pct1ResTime" : 606.0,
    "pct2ResTime" : 606.0,
    "pct3ResTime" : 606.0,
    "throughput" : 1.6501650165016502,
    "receivedKBytesPerSec" : 110.80277949669967,
    "sentKBytesPerSec" : 0.2223855198019802
  },
  "Obtener 1k pokemones" : {
    "transaction" : "Obtener 1k pokemones",
    "sampleCount" : 1,
    "errorCount" : 0,
    "errorPct" : 0.0,
    "meanResTime" : 606.0,
    "medianResTime" : 606.0,
    "minResTime" : 606.0,
    "maxResTime" : 606.0,
    "pct1ResTime" : 606.0,
    "pct2ResTime" : 606.0,
    "pct3ResTime" : 606.0,
    "throughput" : 1.6501650165016502,
    "receivedKBytesPerSec" : 110.80277949669967,
    "sentKBytesPerSec" : 0.2223855198019802
  }
}