{
  "Total" : {
    "transaction" : "Total",
    "sampleCount" : 1,
    "errorCount" : 0,
    "errorPct" : 0.0,
    "meanResTime" : 535.0,
    "medianResTime" : 535.0,
    "minResTime" : 535.0,
    "maxResTime" : 535.0,
    "pct1ResTime" : 535.0,
    "pct2ResTime" : 535.0,
    "pct3ResTime" : 535.0,
    "throughput" : 1.8691588785046729,
    "receivedKBytesPerSec" : 125.37967289719626,
    "sentKBytesPerSec" : 0.2518983644859813
  },
  "Obtener 1k pokemones" : {
    "transaction" : "Obtener 1k pokemones",
    "sampleCount" : 1,
    "errorCount" : 0,
    "errorPct" : 0.0,
    "meanResTime" : 535.0,
    "medianResTime" : 535.0,
    "minResTime" : 535.0,
    "maxResTime" : 535.0,
    "pct1ResTime" : 535.0,
    "pct2ResTime" : 535.0,
    "pct3ResTime" : 535.0,
    "throughput" : 1.8691588785046729,
    "receivedKBytesPerSec" : 125.37967289719626,
    "sentKBytesPerSec" : 0.2518983644859813
  }
}