{
  "Total" : {
    "transaction" : "Total",
    "sampleCount" : 1,
    "errorCount" : 0,
    "errorPct" : 0.0,
    "meanResTime" : 505.0,
    "medianResTime" : 505.0,
    "minResTime" : 505.0,
    "maxResTime" : 505.0,
    "pct1ResTime" : 505.0,
    "pct2ResTime" : 505.0,
    "pct3ResTime" : 505.0,
    "throughput" : 1.9801980198019802,
    "receivedKBytesPerSec" : 132.83183787128712,
    "sentKBytesPerSec" : 0.26686262376237624
  },
  "Obtener 1k pokemones" : {
    "transaction" : "Obtener 1k pokemones",
    "sampleCount" : 1,
    "errorCount" : 0,
    "errorPct" : 0.0,
    "meanResTime" : 505.0,
    "medianResTime" : 505.0,
    "minResTime" : 505.0,
    "maxResTime" : 505.0,
    "pct1ResTime" : 505.0,
    "pct2ResTime" : 505.0,
    "pct3ResTime" : 505.0,
    "throughput" : 1.9801980198019802,
    "receivedKBytesPerSec" : 132.83183787128712,
    "sentKBytesPerSec" : 0.26686262376237624
  }
}