{
  "Total" : {
    "transaction" : "Total",
    "sampleCount" : 1,
    "errorCount" : 0,
    "errorPct" : 0.0,
    "meanResTime" : 1889.0,
    "medianResTime" : 1889.0,
    "minResTime" : 1889.0,
    "maxResTime" : 1889.0,
    "pct1ResTime" : 1889.0,
    "pct2ResTime" : 1889.0,
    "pct3ResTime" : 1889.0,
    "throughput" : 0.5293806246691372,
    "receivedKBytesPerSec" : 35.54811573583907,
    "sentKBytesPerSec" : 0.07134231074642668
  },
  "Obtener 1k pokemones" : {
    "transaction" : "Obtener 1k pokemones",
    "sampleCount" : 1,
    "errorCount" : 0,
    "errorPct" : 0.0,
    "meanResTime" : 1889.0,
    "medianResTime" : 1889.0,
    "minResTime" : 1889.0,
    "maxResTime" : 1889.0,
    "pct1ResTime" : 1889.0,
    "pct2ResTime" : 1889.0,
    "pct3ResTime" : 1889.0,
    "throughput" : 0.5293806246691372,
    "receivedKBytesPerSec" : 35.54811573583907,
    "sentKBytesPerSec" : 0.07134231074642668
  }
}