{
  "Total" : {
    "transaction" : "Total",
    "sampleCount" : 1,
    "errorCount" : 0,
    "errorPct" : 0.0,
    "meanResTime" : 2389.0,
    "medianResTime" : 2389.0,
    "minResTime" : 2389.0,
    "maxResTime" : 2389.0,
    "pct1ResTime" : 2389.0,
    "pct2ResTime" : 2389.0,
    "pct3ResTime" : 2389.0,
    "throughput" : 0.4185851820845542,
    "receivedKBytesPerSec" : 28.102026867936377,
    "sentKBytesPerSec" : 0.056410893679363756
  },
  "Obtener 1k pokemones" : {
    "transaction" : "Obtener 1k pokemones",
    "sampleCount" : 1,
    "errorCount" : 0,
    "errorPct" : 0.0,
    "meanResTime" : 2389.0,
    "medianResTime" : 2389.0,
    "minResTime" : 2389.0,
    "maxResTime" : 2389.0,
    "pct1ResTime" : 2389.0,
    "pct2ResTime" : 2389.0,
    "pct3ResTime" : 2389.0,
    "throughput" : 0.4185851820845542,
    "receivedKBytesPerSec" : 28.102026867936377,
    "sentKBytesPerSec" : 0.056410893679363756
  }
}