{
  "Total" : {
    "transaction" : "Total",
    "sampleCount" : 1,
    "errorCount" : 0,
    "errorPct" : 0.0,
    "meanResTime" : 615.0,
    "medianResTime" : 615.0,
    "minResTime" : 615.0,
    "maxResTime" : 615.0,
    "pct1ResTime" : 615.0,
    "pct2ResTime" : 615.0,
    "pct3ResTime" : 615.0,
    "throughput" : 1.6260162601626016,
    "receivedKBytesPerSec" : 109.06853404471545,
    "sentKBytesPerSec" : 0.21913109756097562
  },
  "Obtener 1k pokemones" : {
    "transaction" : "Obtener 1k pokemones",
    "sampleCount" : 1,
    "errorCount" : 0,
    "errorPct" : 0.0,
    "meanResTime" : 615.0,
    "medianResTime" : 615.0,
    "minResTime" : 615.0,
    "maxResTime" : 615.0,
    "pct1ResTime" : 615.0,
    "pct2ResTime" : 615.0,
    "pct3ResTime" : 615.0,
    "throughput" : 1.6260162601626016,
    "receivedKBytesPerSec" : 109.06853404471545,
    "sentKBytesPerSec" : 0.21913109756097562
  }
}