{
  "Total" : {
    "transaction" : "Total",
    "sampleCount" : 1,
    "errorCount" : 0,
    "errorPct" : 0.0,
    "meanResTime" : 1277.0,
    "medianResTime" : 1277.0,
    "minResTime" : 1277.0,
    "maxResTime" : 1277.0,
    "pct1ResTime" : 1277.0,
    "pct2ResTime" : 1277.0,
    "pct3ResTime" : 1277.0,
    "throughput" : 0.7830853563038371,
    "receivedKBytesPerSec" : 52.57301659162099,
    "sentKBytesPerSec" : 0.1055329874706343
  },
  "Obtener 1k pokemones" : {
    "transaction" : "Obtener 1k pokemones",
    "sampleCount" : 1,
    "errorCount" : 0,
    "errorPct" : 0.0,
    "meanResTime" : 1277.0,
    "medianResTime" : 1277.0,
    "minResTime" : 1277.0,
    "maxResTime" : 1277.0,
    "pct1ResTime" : 1277.0,
    "pct2ResTime" : 1277.0,
    "pct3ResTime" : 1277.0,
    "throughput" : 0.7830853563038371,
    "receivedKBytesPerSec" : 52.57301659162099,
    "sentKBytesPerSec" : 0.1055329874706343
  }
}