{
  "Total" : {
    "transaction" : "Total",
    "sampleCount" : 1,
    "errorCount" : 0,
    "errorPct" : 0.0,
    "meanResTime" : 1897.0,
    "medianResTime" : 1897.0,
    "minResTime" : 1897.0,
    "maxResTime" : 1897.0,
    "pct1ResTime" : 1897.0,
    "pct2ResTime" : 1897.0,
    "pct3ResTime" : 1897.0,
    "throughput" : 0.5271481286241434,
    "receivedKBytesPerSec" : 35.39254003031102,
    "sentKBytesPerSec" : 0.07104144702161307
  },
  "Obtener 1k pokemones" : {
    "transaction" : "Obtener 1k pokemones",
    "sampleCount" : 1,
    "errorCount" : 0,
    "errorPct" : 0.0,
    "meanResTime" : 1897.0,
    "medianResTime" : 1897.0,
    "minResTime" : 1897.0,
    "maxResTime" : 1897.0,
    "pct1ResTime" : 1897.0,
    "pct2ResTime" : 1897.0,
    "pct3ResTime" : 1897.0,
    "throughput" : 0.5271481286241434,
    "receivedKBytesPerSec" : 35.39254003031102,
    "sentKBytesPerSec" : 0.07104144702161307
  }
}