{
  "Total" : {
    "transaction" : "Total",
    "sampleCount" : 1,
    "errorCount" : 0,
    "errorPct" : 0.0,
    "meanResTime" : 1155.0,
    "medianResTime" : 1155.0,
    "minResTime" : 1155.0,
    "maxResTime" : 1155.0,
    "pct1ResTime" : 1155.0,
    "pct2ResTime" : 1155.0,
    "pct3ResTime" : 1155.0,
    "throughput" : 0.8658008658008658,
    "receivedKBytesPerSec" : 58.1253382034632,
    "sentKBytesPerSec" : 0.1166801948051948
  },
  "Obtener 1k pokemones" : {
    "transaction" : "Obtener 1k pokemones",
    "sampleCount" : 1,
    "errorCount" : 0,
    "errorPct" : 0.0,
    "meanResTime" : 1155.0,
    "medianResTime" : 1155.0,
    "minResTime" : 1155.0,
    "maxResTime" : 1155.0,
    "pct1ResTime" : 1155.0,
    "pct2ResTime" : 1155.0,
    "pct3ResTime" : 1155.0,
    "throughput" : 0.8658008658008658,
    "receivedKBytesPerSec" : 58.1253382034632,
    "sentKBytesPerSec" : 0.1166801948051948
  }
}