{
  "Total" : {
    "transaction" : "Total",
    "sampleCount" : 1,
    "errorCount" : 0,
    "errorPct" : 0.0,
    "meanResTime" : 2679.0,
    "medianResTime" : 2679.0,
    "minResTime" : 2679.0,
    "maxResTime" : 2679.0,
    "pct1ResTime" : 2679.0,
    "pct2ResTime" : 2679.0,
    "pct3ResTime" : 2679.0,
    "throughput" : 0.3732736095558044,
    "receivedKBytesPerSec" : 25.062552491601345,
    "sentKBytesPerSec" : 0.050304451287793955
  },
  "Obtener 1k pokemones" : {
    "transaction" : "Obtener 1k pokemones",
    "sampleCount" : 1,
    "errorCount" : 0,
    "errorPct" : 0.0,
    "meanResTime" : 2679.0,
    "medianResTime" : 2679.0,
    "minResTime" : 2679.0,
    "maxResTime" : 2679.0,
    "pct1ResTime" : 2679.0,
    "pct2ResTime" : 2679.0,
    "pct3ResTime" : 2679.0,
    "throughput" : 0.3732736095558044,
    "receivedKBytesPerSec" : 25.062552491601345,
    "sentKBytesPerSec" : 0.050304451287793955
  }
}