{
  "Total" : {
    "transaction" : "Total",
    "sampleCount" : 1,
    "errorCount" : 0,
    "errorPct" : 0.0,
    "meanResTime" : 1665.0,
    "medianResTime" : 1665.0,
    "minResTime" : 1665.0,
    "maxResTime" : 1665.0,
    "pct1ResTime" : 1665.0,
    "pct2ResTime" : 1665.0,
    "pct3ResTime" : 1665.0,
    "throughput" : 0.6006006006006006,
    "receivedKBytesPerSec" : 40.32821884384384,
    "sentKBytesPerSec" : 0.08094031531531531
  },
  "Obtener 1k pokemones" : {
    "transaction" : "Obtener 1k pokemones",
    "sampleCount" : 1,
    "errorCount" : 0,
    "errorPct" : 0.0,
    "meanResTime" : 1665.0,
    "medianResTime" : 1665.0,
    "minResTime" : 1665.0,
    "maxResTime" : 1665.0,
    "pct1ResTime" : 1665.0,
    "pct2ResTime" : 1665.0,
    "pct3ResTime" : 1665.0,
    "throughput" : 0.6006006006006006,
    "receivedKBytesPerSec" : 40.32821884384384,
    "sentKBytesPerSec" : 0.08094031531531531
  }
}