{
  "Total" : {
    "transaction" : "Total",
    "sampleCount" : 1,
    "errorCount" : 0,
    "errorPct" : 0.0,
    "meanResTime" : 1713.0,
    "medianResTime" : 1713.0,
    "minResTime" : 1713.0,
    "maxResTime" : 1713.0,
    "pct1ResTime" : 1713.0,
    "pct2ResTime" : 1713.0,
    "pct3ResTime" : 1713.0,
    "throughput" : 0.5837711617046117,
    "receivedKBytesPerSec" : 39.194190564798596,
    "sentKBytesPerSec" : 0.07867228546409807
  },
  "Obtener 1k pokemones" : {
    "transaction" : "Obtener 1k pokemones",
    "sampleCount" : 1,
    "errorCount" : 0,
    "errorPct" : 0.0,
    "meanResTime" : 1713.0,
    "medianResTime" : 1713.0,
    "minResTime" : 1713.0,
    "maxResTime" : 1713.0,
    "pct1ResTime" : 1713.0,
    "pct2ResTime" : 1713.0,
    "pct3ResTime" : 1713.0,
    "throughput" : 0.5837711617046117,
    "receivedKBytesPerSec" : 39.194190564798596,
    "sentKBytesPerSec" : 0.07867228546409807
  }
}