{
  "Total" : {
    "transaction" : "Total",
    "sampleCount" : 1,
    "errorCount" : 0,
    "errorPct" : 0.0,
    "meanResTime" : 709.0,
    "medianResTime" : 709.0,
    "minResTime" : 709.0,
    "maxResTime" : 709.0,
    "pct1ResTime" : 709.0,
    "pct2ResTime" : 709.0,
    "pct3ResTime" : 709.0,
    "throughput" : 1.4104372355430184,
    "receivedKBytesPerSec" : 94.70039227785614,
    "sentKBytesPerSec" : 0.1900784555712271
  },
  "Obtener 1k pokemones" : {
    "transaction" : "Obtener 1k pokemones",
    "sampleCount" : 1,
    "errorCount" : 0,
    "errorPct" : 0.0,
    "meanResTime" : 709.0,
    "medianResTime" : 709.0,
    "minResTime" : 709.0,
    "maxResTime" : 709.0,
    "pct1ResTime" : 709.0,
    "pct2ResTime" : 709.0,
    "pct3ResTime" : 709.0,
    "throughput" : 1.4104372355430184,
    "receivedKBytesPerSec" : 94.70039227785614,
    "sentKBytesPerSec" : 0.1900784555712271
  }
}