{
  "Total" : {
    "transaction" : "Total",
    "sampleCount" : 1,
    "errorCount" : 0,
    "errorPct" : 0.0,
    "meanResTime" : 1739.0,
    "medianResTime" : 1739.0,
    "minResTime" : 1739.0,
    "maxResTime" : 1739.0,
    "pct1ResTime" : 1739.0,
    "pct2ResTime" : 1739.0,
    "pct3ResTime" : 1739.0,
    "throughput" : 0.5750431282346176,
    "receivedKBytesPerSec" : 38.609316597182286,
    "sentKBytesPerSec" : 0.07749604657849338
  },
  "Obtener 1k pokemones" : {
    "transaction" : "Obtener 1k pokemones",
    "sampleCount" : 1,
    "errorCount" : 0,
    "errorPct" : 0.0,
    "meanResTime" : 1739.0,
    "medianResTime" : 1739.0,
    "minResTime" : 1739.0,
    "maxResTime" : 1739.0,
    "pct1ResTime" : 1739.0,
    "pct2ResTime" : 1739.0,
    "pct3ResTime" : 1739.0,
    "throughput" : 0.5750431282346176,
    "receivedKBytesPerSec" : 38.609316597182286,
    "sentKBytesPerSec" : 0.07749604657849338
  }
}