{
  "Total" : {
    "transaction" : "Total",
    "sampleCount" : 1,
    "errorCount" : 0,
    "errorPct" : 0.0,
    "meanResTime" : 1515.0,
    "medianResTime" : 1515.0,
    "minResTime" : 1515.0,
    "maxResTime" : 1515.0,
    "pct1ResTime" : 1515.0,
    "pct2ResTime" : 1515.0,
    "pct3ResTime" : 1515.0,
    "throughput" : 0.6600660066006601,
    "receivedKBytesPerSec" : 44.31402124587459,
    "sentKBytesPerSec" : 0.08895420792079209
  },
  "Obtener 1k pokemones" : {
    "transaction" : "Obtener 1k pokemones",
    "sampleCount" : 1,
    "errorCount" : 0,
    "errorPct" : 0.0,
    "meanResTime" : 1515.0,
    "medianResTime" : 1515.0,
    "minResTime" : 1515.0,
    "maxResTime" : 1515.0,
    "pct1ResTime" : 1515.0,
    "pct2ResTime" : 1515.0,
    "pct3ResTime" : 1515.0,
    "throughput" : 0.6600660066006601,
    "receivedKBytesPerSec" : 44.31402124587459,
    "sentKBytesPerSec" : 0.08895420792079209
  }
}