{
  "Total" : {
    "transaction" : "Total",
    "sampleCount" : 1,
    "errorCount" : 0,
    "errorPct" : 0.0,
    "meanResTime" : 656.0,
    "medianResTime" : 656.0,
    "minResTime" : 656.0,
    "maxResTime" : 656.0,
    "pct1ResTime" : 656.0,
    "pct2ResTime" : 656.0,
    "pct3ResTime" : 656.0,
    "throughput" : 1.524390243902439,
    "receivedKBytesPerSec" : 102.3485137195122,
    "sentKBytesPerSec" : 0.20543540396341461
  },
  "Obtener 1k pokemones" : {
    "transaction" : "Obtener 1k pokemones",
    "sampleCount" : 1,
    "errorCount" : 0,
    "errorPct" : 0.0,
    "meanResTime" : 656.0,
    "medianResTime" : 656.0,
    "minResTime" : 656.0,
    "maxResTime" : 656.0,
    "pct1ResTime" : 656.0,
    "pct2ResTime" : 656.0,
    "pct3ResTime" : 656.0,
    "throughput" : 1.524390243902439,
    "receivedKBytesPerSec" : 102.3485137195122,
    "sentKBytesPerSec" : 0.20543540396341461
  }
}