{
  "Total" : {
    "transaction" : "Total",
    "sampleCount" : 1,
    "errorCount" : 0,
    "errorPct" : 0.0,
    "meanResTime" : 592.0,
    "medianResTime" : 592.0,
    "minResTime" : 592.0,
    "maxResTime" : 592.0,
    "pct1ResTime" : 592.0,
    "pct2ResTime" : 592.0,
    "pct3ResTime" : 592.0,
    "throughput" : 1.6891891891891893,
    "receivedKBytesPerSec" : 113.40167071368244,
    "sentKBytesPerSec" : 0.22764463682432434
  },
  "Obtener 1k pokemones" : {
    "transaction" : "Obtener 1k pokemones",
    "sampleCount" : 1,
    "errorCount" : 0,
    "errorPct" : 0.0,
    "meanResTime" : 592.0,
    "medianResTime" : 592.0,
    "minResTime" : 592.0,
    "maxResTime" : 592.0,
    "pct1ResTime" : 592.0,
    "pct2ResTime" : 592.0,
    "pct3ResTime" : 592.0,
    "throughput" : 1.6891891891891893,
    "receivedKBytesPerSec" : 113.40167071368244,
    "sentKBytesPerSec" : 0.22764463682432434
  }
}