{
  "Total" : {
    "transaction" : "Total",
    "sampleCount" : 1,
    "errorCount" : 0,
    "errorPct" : 0.0,
    "meanResTime" : 601.0,
    "medianResTime" : 601.0,
    "minResTime" : 601.0,
    "maxResTime" : 601.0,
    "pct1ResTime" : 601.0,
    "pct2ResTime" : 601.0,
    "pct3ResTime" : 601.0,
    "throughput" : 1.663893510815308,
    "receivedKBytesPerSec" : 111.7051008735441,
    "sentKBytesPerSec" : 0.22423564891846923
  },
  "Obtener 1k pokemones" : {
    "transaction" : "Obtener 1k pokemones",
    "sampleCount" : 1,
    "errorCount" : 0,
    "errorPct" : 0.0,
    "meanResTime" : 601.0,
    "medianResTime" : 601.0,
    "minResTime" : 601.0,
    "maxResTime" : 601.0,
    "pct1ResTime" : 601.0,
    "pct2ResTime" : 601.0,
    "pct3ResTime" : 601.0,
    "throughput" : 1.663893510815308,
    "receivedKBytesPerSec" : 111.7051008735441,
    "sentKBytesPerSec" : 0.22423564891846923
  }
}