{
  "Total" : {
    "transaction" : "Total",
    "sampleCount" : 1,
    "errorCount" : 0,
    "errorPct" : 0.0,
    "meanResTime" : 689.0,
    "medianResTime" : 689.0,
    "minResTime" : 689.0,
    "maxResTime" : 689.0,
    "pct1ResTime" : 689.0,
    "pct2ResTime" : 689.0,
    "pct3ResTime" : 689.0,
    "throughput" : 1.4513788098693758,
    "receivedKBytesPerSec" : 97.45498457910016,
    "sentKBytesPerSec" : 0.19559597242380264
  },
  "Obtener 1k pokemones" : {
    "transaction" : "Obtener 1k pokemones",
    "sampleCount" : 1,
    "errorCount" : 0,
    "errorPct" : 0.0,
    "meanResTime" : 689.0,
    "medianResTime" : 689.0,
    "minResTime" : 689.0,
    "maxResTime" : 689.0,
    "pct1ResTime" : 689.0,
    "pct2ResTime" : 689.0,
    "pct3ResTime" : 689.0,
    "throughput" : 1.4513788098693758,
    "receivedKBytesPerSec" : 97.45498457910016,
    "sentKBytesPerSec" : 0.19559597242380264
  }
}