{
  "Total" : {
    "transaction" : "Total",
    "sampleCount" : 1,
    "errorCount" : 0,
    "errorPct" : 0.0,
    "meanResTime" : 1905.0,
    "medianResTime" : 1905.0,
    "minResTime" : 1905.0,
    "maxResTime" : 1905.0,
    "pct1ResTime" : 1905.0,
    "pct2ResTime" : 1905.0,
    "pct3ResTime" : 1905.0,
    "throughput" : 0.5249343832020997,
    "receivedKBytesPerSec" : 35.24749835958005,
    "sentKBytesPerSec" : 0.07074311023622047
  },
  "Obtener 1k pokemones" : {
    "transaction" : "Obtener 1k pokemones",
    "sampleCount" : 1,
    "errorCount" : 0,
    "errorPct" : 0.0,
    "meanResTime" : 1905.0,
    "medianResTime" : 1905.0,
    "minResTime" : 1905.0,
    "maxResTime" : 1905.0,
    "pct1ResTime" : 1905.0,
    "pct2ResTime" : 1905.0,
    "pct3ResTime" : 1905.0,
    "throughput" : 0.5249343832020997,
    "receivedKBytesPerSec" : 35.24749835958005,
    "sentKBytesPerSec" : 0.07074311023622047
  }
}