{
  "Total" : {
    "transaction" : "Total",
    "sampleCount" : 1,
    "errorCount" : 0,
    "errorPct" : 0.0,
    "meanResTime" : 699.0,
    "medianResTime" : 699.0,
    "minResTime" : 699.0,
    "maxResTime" : 699.0,
    "pct1ResTime" : 699.0,
    "pct2ResTime" : 699.0,
    "pct3ResTime" : 699.0,
    "throughput" : 1.4306151645207439,
    "receivedKBytesPerSec" : 96.03144000357655,
    "sentKBytesPerSec" : 0.1927977467811159
  },
  "Obtener 1k pokemones" : {
    "transaction" : "Obtener 1k pokemones",
    "sampleCount" : 1,
    "errorCount" : 0,
    "errorPct" : 0.0,
    "meanResTime" : 699.0,
    "medianResTime" : 699.0,
    "minResTime" : 699.0,
    "maxResTime" : 699.0,
    "pct1ResTime" : 699.0,
    "pct2ResTime" : 699.0,
    "pct3ResTime" : 699.0,
    "throughput" : 1.4306151645207439,
    "receivedKBytesPerSec" : 96.03144000357655,
    "sentKBytesPerSec" : 0.1927977467811159
  }
}