{
  "Total" : {
    "transaction" : "Total",
    "sampleCount" : 1,
    "errorCount" : 0,
    "errorPct" : 0.0,
    "meanResTime" : 588.0,
    "medianResTime" : 588.0,
    "minResTime" : 588.0,
    "maxResTime" : 588.0,
    "pct1ResTime" : 588.0,
    "pct2ResTime" : 588.0,
    "pct3ResTime" : 588.0,
    "throughput" : 1.7006802721088434,
    "receivedKBytesPerSec" : 114.08508715986395,
    "sentKBytesPerSec" : 0.22919323979591838
  },
  "Obtener 1k pokemones" : {
    "transaction" : "Obtener 1k pokemones",
    "sampleCount" : 1,
    "errorCount" : 0,
    "errorPct" : 0.0,
    "meanResTime" : 588.0,
    "medianResTime" : 588.0,
    "minResTime" : 588.0,
    "maxResTime" : 588.0,
    "pct1ResTime" : 588.0,
    "pct2ResTime" : 588.0,
    "pct3ResTime" : 588.0,
    "throughput" : 1.7006802721088434,
    "receivedKBytesPerSec" : 114.08508715986395,
    "sentKBytesPerSec" : 0.22919323979591838
  }
}