{
  "Total" : {
    "transaction" : "Total",
    "sampleCount" : 1,
    "errorCount" : 0,
    "errorPct" : 0.0,
    "meanResTime" : 554.0,
    "medianResTime" : 554.0,
    "minResTime" : 554.0,
    "maxResTime" : 554.0,
    "pct1ResTime" : 554.0,
    "pct2ResTime" : 554.0,
    "pct3ResTime" : 554.0,
    "throughput" : 1.8050541516245489,
    "receivedKBytesPerSec" : 121.20127763989169,
    "sentKBytesPerSec" : 0.24325925090252706
  },
  "Obtener 1k pokemones" : {
    "transaction" : "Obtener 1k pokemones",
    "sampleCount" : 1,
    "errorCount" : 0,
    "errorPct" : 0.0,
    "meanResTime" : 554.0,
    "medianResTime" : 554.0,
    "minResTime" : 554.0,
    "maxResTime" : 554.0,
    "pct1ResTime" : 554.0,
    "pct2ResTime" : 554.0,
    "pct3ResTime" : 554.0,
    "throughput" : 1.8050541516245489,
    "receivedKBytesPerSec" : 121.20127763989169,
    "sentKBytesPerSec" : 0.24325925090252706
  }
}